sample_size,degree,mean_gap,sd_gap
50,1,-0.052019357696604616,1.2283160951420935
50,2,0.1977175052028487,0.8440826645303813
50,5,0.8330434442106577,1.7573862504203255
50,10,4350.587195974271,47210.07676391492
100,1,0.06993954527339122,1.0589919575079685
100,2,-0.0260318992208737,0.5912456500348048
100,5,0.612004244655158,2.3597413414664254
100,10,374.279056009707,4161.674579161738
250,1,-0.015855750073871848,0.7169478263511309
250,2,0.028988745807253705,0.3149953979593724
250,5,0.10622390738921325,0.5537783967855239
250,10,5.2133695194606,28.0009146439628
500,1,-0.010704398167423482,0.5282725750982649
500,2,0.008305263212316867,0.2559366407996759
500,5,0.07219960498571013,0.27698411960418223
500,10,3.2074848406605905,17.508873442184733
1000,1,0.034658652999741225,0.40361337004224146
1000,2,-0.005308149137586495,0.19579338507517097
1000,5,0.026802839112722705,0.1622562625351901
1000,10,2.6928307975040315,16.214997396322186
5000,1,0.023852147264781857,0.17182991253247662
5000,2,-0.0014108365452614486,0.08600565965533954
5000,5,0.00034233513329050557,0.0751716064818404
5000,10,0.07881272975816375,0.44628654868166223
